"DESCRIPTION","DURATION IN MS","NAME","PARENT SUITE","START TIME","STATUS","STOP TIME","SUB SUITE","SUITE","TEST CLASS","TEST METHOD"
"","50","Policy is not accepted due to missing context ""Affiliates Region""","","Mon Jun 15 09:01:51 UTC 2026","passed","Mon Jun 15 09:01:51 UTC 2026","","org.eclipse.tractusx.edc.tests.policy.PolicyDefinitionEndToEndTest","org.eclipse.tractusx.edc.tests.policy.PolicyDefinitionEndToEndTest","shouldNotAcceptInvalidNamespacePolicyDefinitions"
"","2435","Refresh token is null or empty (missing) [1] null","","Mon Jun 15 08:58:59 UTC 2026","passed","Mon Jun 15 08:59:01 UTC 2026","","org.eclipse.tractusx.edc.dataplane.tokenrefresh.e2e.DataPlaneTokenRefreshEndToEndTest","org.eclipse.tractusx.edc.dataplane.tokenrefresh.e2e.DataPlaneTokenRefreshEndToEndTest","refresh_invalidRefreshToken"
"","2447","The sign key of the authentication token is different from the public key from the DID","","Mon Jun 15 08:59:09 UTC 2026","passed","Mon Jun 15 08:59:11 UTC 2026","","org.eclipse.tractusx.edc.dataplane.tokenrefresh.e2e.DataPlaneTokenRefreshEndToEndTest","org.eclipse.tractusx.edc.dataplane.tokenrefresh.e2e.DataPlaneTokenRefreshEndToEndTest","refresh_spoofedAuthToken"
"","5632","When multiple requests to refresh, to different edrs, verify all return non expired token","","Mon Jun 15 08:59:08 UTC 2026","passed","Mon Jun 15 08:59:14 UTC 2026","","org.eclipse.tractusx.edc.tests.edrv2.EdrCacheApiEndToEndTest","org.eclipse.tractusx.edc.tests.edrv2.EdrCacheApiEndToEndTest","getEdrWithRefresh_subsequentRequestReturn"
"","59","Policy is accepted ""Enforce data usage end date 1 day in the future""","","Mon Jun 15 09:01:50 UTC 2026","passed","Mon Jun 15 09:01:51 UTC 2026","","org.eclipse.tractusx.edc.tests.policy.PolicyDefinitionEndToEndTest","org.eclipse.tractusx.edc.tests.policy.PolicyDefinitionEndToEndTest","shouldAcceptValidPolicyDefinitions"
"","36","discoveryShouldReturn502_ifMetadaEndpointNotReachable()","","Mon Jun 15 08:59:32 UTC 2026","passed","Mon Jun 15 08:59:32 UTC 2026","","org.eclipse.tractusx.edc.discovery.e2e.ConnectorParameterDiscoveryTest","org.eclipse.tractusx.edc.discovery.e2e.ConnectorParameterDiscoveryTest","discoveryShouldReturn502_ifMetadaEndpointNotReachable"
"","32810","shouldTerminateTransfer_whenDataProvisioningEndDatePolicyExpires()","","Mon Jun 15 09:02:13 UTC 2026","passed","Mon Jun 15 09:02:45 UTC 2026","","org.eclipse.tractusx.edc.tests.policy.PolicyMonitorEndToEndTest","org.eclipse.tractusx.edc.tests.policy.PolicyMonitorEndToEndTest","shouldTerminateTransfer_whenDataProvisioningEndDatePolicyExpires"
"","50","triggerDataTransfer_shouldFail_whenDataFlowDoesNotExist()","","Mon Jun 15 09:01:12 UTC 2026","passed","Mon Jun 15 09:01:12 UTC 2026","","org.eclipse.tractusx.edc.tests.transfer.DataFlowApiEndToEndTest","org.eclipse.tractusx.edc.tests.transfer.DataFlowApiEndToEndTest","triggerDataTransfer_shouldFail_whenDataFlowDoesNotExist"
"","233","Verify that the consumer receives only the offers he is permitted to (using BPN group validation)","","Mon Jun 15 09:02:16 UTC 2026","passed","Mon Jun 15 09:02:16 UTC 2026","","org.eclipse.tractusx.edc.tests.catalog.CatalogTest","org.eclipse.tractusx.edc.tests.catalog.CatalogTest","requestCatalog_filteredByBpnGroup_shouldReturnOffer"
"","229","Consumer gets catalog from the provider. No constraints.","","Mon Jun 15 09:02:41 UTC 2026","passed","Mon Jun 15 09:02:42 UTC 2026","","org.eclipse.tractusx.edc.tests.catalog.CatalogTestDspV08","org.eclipse.tractusx.edc.tests.catalog.CatalogTestDspV08","requestCatalog_fulfillsPolicy_shouldReturnOffer"
"","86","5.4.2.2 Verifier should accept a presentation response message that contains more credentials than requested","","Mon Jun 15 08:58:56 UTC 2026","passed","Mon Jun 15 08:58:56 UTC 2026","","org.eclipse.dataspacetck.dcp.verification.presentation.verifier.PresentationFlowSection5Test","org.eclipse.dataspacetck.dcp.verification.presentation.verifier.PresentationFlowSection5Test","verifier_05_04_02_02_presentationResponse_tooManyCredentials"
"","60","Policy is accepted ""Confidential Information Sharing""","","Mon Jun 15 09:01:50 UTC 2026","passed","Mon Jun 15 09:01:50 UTC 2026","","org.eclipse.tractusx.edc.tests.policy.PolicyDefinitionEndToEndTest","org.eclipse.tractusx.edc.tests.policy.PolicyDefinitionEndToEndTest","shouldAcceptValidPolicyDefinitions"
"","3","verifyAgentId_whenNoMembershipCredential_forDsp08(DataspaceProfileContextRegistry)","","Mon Jun 15 09:03:52 UTC 2026","passed","Mon Jun 15 09:03:52 UTC 2026","","org.eclipse.tractusx.edc.tests.transfer.IdentityExtractionTest","org.eclipse.tractusx.edc.tests.transfer.IdentityExtractionTest","verifyAgentId_whenNoMembershipCredential_forDsp08"
"","2094","transferMultipleFile_success(Vault)","","Mon Jun 15 08:59:34 UTC 2026","passed","Mon Jun 15 08:59:36 UTC 2026","","org.eclipse.tractusx.edc.dataplane.transfer.test.AzureToAzureTest","org.eclipse.tractusx.edc.dataplane.transfer.test.AzureToAzureTest","transferMultipleFile_success"
"","44","Policy is not accepted due to missing context ""Data Usage End Duration Days""","","Mon Jun 15 09:01:52 UTC 2026","passed","Mon Jun 15 09:01:52 UTC 2026","","org.eclipse.tractusx.edc.tests.policy.PolicyDefinitionEndToEndTest","org.eclipse.tractusx.edc.tests.policy.PolicyDefinitionEndToEndTest","shouldNotAcceptInvalidNamespacePolicyDefinitions"
"","110","Verify HTTP 200 response and body when refreshing succeeds","","Mon Jun 15 08:59:14 UTC 2026","passed","Mon Jun 15 08:59:14 UTC 2026","","org.eclipse.tractusx.edc.tests.edrv2.EdrCacheApiEndToEndTest","org.eclipse.tractusx.edc.tests.edrv2.EdrCacheApiEndToEndTest","getEdrWithRefresh_success"
"","729","Expect the Catalog request to fail if a credential is revoked","","Mon Jun 15 09:03:16 UTC 2026","passed","Mon Jun 15 09:03:17 UTC 2026","","org.eclipse.tractusx.edc.tests.transfer.DivConsumerPullTest","org.eclipse.tractusx.edc.tests.transfer.DivConsumerPullTest","catalogRequest_whenCredentialRevoked"
"","58","Policy is accepted ""Warranty""","","Mon Jun 15 09:01:50 UTC 2026","passed","Mon Jun 15 09:01:50 UTC 2026","","org.eclipse.tractusx.edc.tests.policy.PolicyDefinitionEndToEndTest","org.eclipse.tractusx.edc.tests.policy.PolicyDefinitionEndToEndTest","shouldAcceptValidPolicyDefinitions"
"","39","Policy is not accepted due to missing context ""DataExchangeGovernance use case""","","Mon Jun 15 09:01:51 UTC 2026","passed","Mon Jun 15 09:01:51 UTC 2026","","org.eclipse.tractusx.edc.tests.policy.PolicyDefinitionEndToEndTest","org.eclipse.tractusx.edc.tests.policy.PolicyDefinitionEndToEndTest","shouldNotAcceptInvalidNamespacePolicyDefinitions"
"","4065","transferData_success_withProxyOriginalResponse()","","Mon Jun 15 09:02:43 UTC 2026","passed","Mon Jun 15 09:02:47 UTC 2026","","org.eclipse.tractusx.edc.tests.transfer.TransferPullEndToEndTest.Dsp08to08","org.eclipse.tractusx.edc.tests.transfer.TransferPullEndToEndTest$Dsp08to08","transferData_success_withProxyOriginalResponse"
"","310","Verify that the consumer receives only the offers he is permitted to (using the new BPN validation)","","Mon Jun 15 09:02:42 UTC 2026","passed","Mon Jun 15 09:02:42 UTC 2026","","org.eclipse.tractusx.edc.tests.catalog.CatalogTestDspV08","org.eclipse.tractusx.edc.tests.catalog.CatalogTestDspV08","requestCatalog_filteredByBpn_shouldReject"
"","62","triggerDataTransfer_shouldFail_whenDataFlowIsNotInStartedState()","","Mon Jun 15 09:01:11 UTC 2026","passed","Mon Jun 15 09:01:12 UTC 2026","","org.eclipse.tractusx.edc.tests.transfer.DataFlowApiEndToEndTest","org.eclipse.tractusx.edc.tests.transfer.DataFlowApiEndToEndTest","triggerDataTransfer_shouldFail_whenDataFlowIsNotInStartedState"
"","311","Verify that the consumer receives only the offers he is permitted to (using the legacy BPN validation)","","Mon Jun 15 09:02:41 UTC 2026","passed","Mon Jun 15 09:02:41 UTC 2026","","org.eclipse.tractusx.edc.tests.catalog.CatalogTestDspV08","org.eclipse.tractusx.edc.tests.catalog.CatalogTestDspV08","requestCatalog_filteredByBpnLegacy_WithNamespace_shouldReject"
"","20193","transferFile_largeFile(long, Vault) File size bytes: 536870912","","Mon Jun 15 08:58:49 UTC 2026","passed","Mon Jun 15 08:59:09 UTC 2026","","org.eclipse.tractusx.edc.dataplane.transfer.test.AzureToAzureTest","org.eclipse.tractusx.edc.dataplane.transfer.test.AzureToAzureTest","transferFile_largeFile"
"","2815","Policy is accepted ""MembershipCredential""","","Mon Jun 15 09:01:45 UTC 2026","passed","Mon Jun 15 09:01:48 UTC 2026","","org.eclipse.tractusx.edc.tests.policy.PolicyDefinitionEndToEndTest","org.eclipse.tractusx.edc.tests.policy.PolicyDefinitionEndToEndTest","shouldAcceptValidPolicyDefinitions"
"","6068","transferData_privateBackend_withConsumerDataPlane()","","Mon Jun 15 09:03:24 UTC 2026","passed","Mon Jun 15 09:03:30 UTC 2026","","org.eclipse.tractusx.edc.tests.transfer.TransferPullEndToEndTest.Dsp2025to2025","org.eclipse.tractusx.edc.tests.transfer.TransferPullEndToEndTest$Dsp2025to2025","transferData_privateBackend_withConsumerDataPlane"
"","56","Policy is accepted ""Access policy with empty permission""","","Mon Jun 15 09:01:50 UTC 2026","passed","Mon Jun 15 09:01:50 UTC 2026","","org.eclipse.tractusx.edc.tests.policy.PolicyDefinitionEndToEndTest","org.eclipse.tractusx.edc.tests.policy.PolicyDefinitionEndToEndTest","shouldAcceptValidPolicyDefinitions"
"","62","Policy is accepted ""Business Partner Group""","","Mon Jun 15 09:01:50 UTC 2026","passed","Mon Jun 15 09:01:50 UTC 2026","","org.eclipse.tractusx.edc.tests.policy.PolicyDefinitionEndToEndTest","org.eclipse.tractusx.edc.tests.policy.PolicyDefinitionEndToEndTest","shouldAcceptValidPolicyDefinitions"
"","4892","transferData_privateBackend_withConsumerDataPlane()","","Mon Jun 15 09:02:04 UTC 2026","passed","Mon Jun 15 09:02:09 UTC 2026","","org.eclipse.tractusx.edc.tests.transfer.TransferPullEndToEndTest.Dsp08to08","org.eclipse.tractusx.edc.tests.transfer.TransferPullEndToEndTest$Dsp08to08","transferData_privateBackend_withConsumerDataPlane"
"","5557","Contract policy is fulfilled ""DataExchangeGovernance use case""","","Mon Jun 15 09:03:25 UTC 2026","passed","Mon Jun 15 09:03:31 UTC 2026","","org.eclipse.tractusx.edc.tests.transfer.DivConsumerPullTest","org.eclipse.tractusx.edc.tests.transfer.DivConsumerPullTest","transferData_whenContractPolicyFulfilled"
"","1452","4.3.3 Verify invalid access token - nbf in future","","Mon Jun 15 08:58:53 UTC 2026","passed","Mon Jun 15 08:58:55 UTC 2026","","org.eclipse.dataspacetck.dcp.verification.presentation.verifier.PresentationFlowSection4Test","org.eclipse.dataspacetck.dcp.verification.presentation.verifier.PresentationFlowSection4Test","verifier_04_03_03_idTokenNbfInFuture"
"","50","Policy is not accepted due to missing context ""Liability""","","Mon Jun 15 09:01:52 UTC 2026","passed","Mon Jun 15 09:01:52 UTC 2026","","org.eclipse.tractusx.edc.tests.policy.PolicyDefinitionEndToEndTest","org.eclipse.tractusx.edc.tests.policy.PolicyDefinitionEndToEndTest","shouldNotAcceptInvalidNamespacePolicyDefinitions"
"","2","verifyCorrectParticipantAgentId_forDsp2025(DataspaceProfileContextRegistry)","","Mon Jun 15 09:03:52 UTC 2026","passed","Mon Jun 15 09:03:52 UTC 2026","","org.eclipse.tractusx.edc.tests.transfer.IdentityExtractionTest","org.eclipse.tractusx.edc.tests.transfer.IdentityExtractionTest","verifyCorrectParticipantAgentId_forDsp2025"
"","6249","transferData_privateBackend()","","Mon Jun 15 09:03:18 UTC 2026","passed","Mon Jun 15 09:03:24 UTC 2026","","org.eclipse.tractusx.edc.tests.transfer.TransferPullEndToEndTest.Dsp2025to2025","org.eclipse.tractusx.edc.tests.transfer.TransferPullEndToEndTest$Dsp2025to2025","transferData_privateBackend"
"","1195","Expect the Catalog request to fail if a credential is expired","","Mon Jun 15 09:03:15 UTC 2026","passed","Mon Jun 15 09:03:16 UTC 2026","","org.eclipse.tractusx.edc.tests.transfer.DivConsumerPullTest","org.eclipse.tractusx.edc.tests.transfer.DivConsumerPullTest","catalogRequest_whenCredentialExpired"
"","4","verifyCorrectParticipantAgentId_forDsp08(DataspaceProfileContextRegistry)","","Mon Jun 15 09:03:52 UTC 2026","passed","Mon Jun 15 09:03:52 UTC 2026","","org.eclipse.tractusx.edc.tests.transfer.IdentityExtractionTest","org.eclipse.tractusx.edc.tests.transfer.IdentityExtractionTest","verifyCorrectParticipantAgentId_forDsp08"
"","79","Policy is accepted ""Affiliates Region (IS_ANY_OF, one element)""","","Mon Jun 15 09:01:48 UTC 2026","passed","Mon Jun 15 09:01:49 UTC 2026","","org.eclipse.tractusx.edc.tests.policy.PolicyDefinitionEndToEndTest","org.eclipse.tractusx.edc.tests.policy.PolicyDefinitionEndToEndTest","shouldAcceptValidPolicyDefinitions"
"","5964","transferData_privateBackend_withConsumerDataPlane()","","Mon Jun 15 09:04:33 UTC 2026","passed","Mon Jun 15 09:04:39 UTC 2026","","org.eclipse.tractusx.edc.tests.transfer.StsConsumerPullTest","org.eclipse.tractusx.edc.tests.transfer.StsConsumerPullTest","transferData_privateBackend_withConsumerDataPlane"
"","2061","transferFile_targetContainerNotExist_shouldFail(Vault)","","Mon Jun 15 08:59:40 UTC 2026","passed","Mon Jun 15 08:59:42 UTC 2026","","org.eclipse.tractusx.edc.dataplane.transfer.test.AzureToAzureTest","org.eclipse.tractusx.edc.dataplane.transfer.test.AzureToAzureTest","transferFile_targetContainerNotExist_shouldFail"
"","52","Expect the Catalog request to fail if a requested credential is missing","","Mon Jun 15 09:04:14 UTC 2026","passed","Mon Jun 15 09:04:14 UTC 2026","","org.eclipse.tractusx.edc.tests.transfer.StsConsumerPullTest","org.eclipse.tractusx.edc.tests.transfer.StsConsumerPullTest","catalogRequest_whenRequestedCredentialMissing"
"","119","Policy is accepted ""Liability""","","Mon Jun 15 09:01:49 UTC 2026","passed","Mon Jun 15 09:01:49 UTC 2026","","org.eclipse.tractusx.edc.tests.policy.PolicyDefinitionEndToEndTest","org.eclipse.tractusx.edc.tests.policy.PolicyDefinitionEndToEndTest","shouldAcceptValidPolicyDefinitions"
"","68","Policy is accepted ""Warranty Definition""","","Mon Jun 15 09:01:50 UTC 2026","passed","Mon Jun 15 09:01:50 UTC 2026","","org.eclipse.tractusx.edc.tests.policy.PolicyDefinitionEndToEndTest","org.eclipse.tractusx.edc.tests.policy.PolicyDefinitionEndToEndTest","shouldAcceptValidPolicyDefinitions"
"","9499","transferData_withExpiredEdr_shouldReturn4xx()","","Mon Jun 15 09:06:30 UTC 2026","passed","Mon Jun 15 09:06:40 UTC 2026","","org.eclipse.tractusx.edc.tests.transfer.TransferWithTokenRefreshTest","org.eclipse.tractusx.edc.tests.transfer.TransferWithTokenRefreshTest","transferData_withExpiredEdr_shouldReturn4xx"
"","41","Policy is not accepted due to missing context ""MembershipCredential""","","Mon Jun 15 09:01:51 UTC 2026","passed","Mon Jun 15 09:01:51 UTC 2026","","org.eclipse.tractusx.edc.tests.policy.PolicyDefinitionEndToEndTest","org.eclipse.tractusx.edc.tests.policy.PolicyDefinitionEndToEndTest","shouldNotAcceptInvalidNamespacePolicyDefinitions"
"","56","Policy is not accepted because definition is not correct ""Policy with different actions types""","","Mon Jun 15 09:01:51 UTC 2026","passed","Mon Jun 15 09:01:51 UTC 2026","","org.eclipse.tractusx.edc.tests.policy.PolicyDefinitionEndToEndTest","org.eclipse.tractusx.edc.tests.policy.PolicyDefinitionEndToEndTest","shouldNotAcceptInvalidPolicyDefinitions"
"","106","BusinessPartnerUpdated event is published","","Mon Jun 15 09:01:43 UTC 2026","passed","Mon Jun 15 09:01:43 UTC 2026","","org.eclipse.tractusx.edc.tests.bpn.events.BusinessPartnerEventTest","org.eclipse.tractusx.edc.tests.bpn.events.BusinessPartnerEventTest","shouldPublishBusinessPartnerUpdatedEvent"
"","86","Provider gets 200 when asset selector has a valid criterion","","Mon Jun 15 09:00:00 UTC 2026","passed","Mon Jun 15 09:00:00 UTC 2026","","org.eclipse.tractusx.edc.tests.validators.EmptyAssetSelectorValidatorTest","org.eclipse.tractusx.edc.tests.validators.EmptyAssetSelectorValidatorTest","shouldPass_whenContractDefinitionHasCorrectAssetSelector"
"","62","4.3.3 Verify invalid access token - expired","","Mon Jun 15 08:58:55 UTC 2026","passed","Mon Jun 15 08:58:55 UTC 2026","","org.eclipse.dataspacetck.dcp.verification.presentation.verifier.PresentationFlowSection4Test","org.eclipse.dataspacetck.dcp.verification.presentation.verifier.PresentationFlowSection4Test","verifier_04_03_03_idTokenExpired"
"","268","retireAgreement_shouldFail_whenAgreementDoesNotExist()","","Mon Jun 15 09:01:31 UTC 2026","passed","Mon Jun 15 09:01:32 UTC 2026","","org.eclipse.tractusx.edc.tests.transfer.RetireAgreementTest","org.eclipse.tractusx.edc.tests.transfer.RetireAgreementTest","retireAgreement_shouldFail_whenAgreementDoesNotExist"
"","59","4.3.3 Verify invalid access token - sub does not match DID document id","","Mon Jun 15 08:58:55 UTC 2026","passed","Mon Jun 15 08:58:56 UTC 2026","","org.eclipse.dataspacetck.dcp.verification.presentation.verifier.PresentationFlowSection4Test","org.eclipse.dataspacetck.dcp.verification.presentation.verifier.PresentationFlowSection4Test","verifier_04_03_03_idTokenIncorrectSub"
"","103","discoveryShouldReturn08DspParams_whenDsp2025NotAvailable_BpnAsIdentifier()","","Mon Jun 15 08:59:32 UTC 2026","passed","Mon Jun 15 08:59:32 UTC 2026","","org.eclipse.tractusx.edc.discovery.e2e.ConnectorParameterDiscoveryTest","org.eclipse.tractusx.edc.discovery.e2e.ConnectorParameterDiscoveryTest","discoveryShouldReturn08DspParams_whenDsp2025NotAvailable_BpnAsIdentifier"
"","347","Consumer gets catalog from the provider. No constraints.","","Mon Jun 15 09:01:20 UTC 2026","passed","Mon Jun 15 09:01:21 UTC 2026","","org.eclipse.tractusx.edc.tests.catalog.CatalogTest","org.eclipse.tractusx.edc.tests.catalog.CatalogTest","requestCatalog_fulfillsPolicy_shouldReturnOffer"
"","5100","transferData_failing_withProxyOriginalResponse_withoutSourceResponseBody()","","Mon Jun 15 09:04:02 UTC 2026","passed","Mon Jun 15 09:04:07 UTC 2026","","org.eclipse.tractusx.edc.tests.transfer.TransferPullEndToEndTest.Dsp2025to2025","org.eclipse.tractusx.edc.tests.transfer.TransferPullEndToEndTest$Dsp2025to2025","transferData_failing_withProxyOriginalResponse_withoutSourceResponseBody"
"","43","Policy is not accepted because definition is not correct ""Policy with unknown actions types""","","Mon Jun 15 09:01:51 UTC 2026","passed","Mon Jun 15 09:01:51 UTC 2026","","org.eclipse.tractusx.edc.tests.policy.PolicyDefinitionEndToEndTest","org.eclipse.tractusx.edc.tests.policy.PolicyDefinitionEndToEndTest","shouldNotAcceptInvalidPolicyDefinitions"
"","76","4.3.3 Verify invalid access token - auth token bound to a different iss/sub","","Mon Jun 15 08:58:55 UTC 2026","passed","Mon Jun 15 08:58:55 UTC 2026","","org.eclipse.dataspacetck.dcp.verification.presentation.verifier.PresentationFlowSection4Test","org.eclipse.dataspacetck.dcp.verification.presentation.verifier.PresentationFlowSection4Test","verifier_04_03_03_idTokenInvalidIssuerSub"
"","2063","transferFolder_targetFolderNotExists_shouldCreate(Vault)","","Mon Jun 15 08:59:38 UTC 2026","passed","Mon Jun 15 08:59:40 UTC 2026","","org.eclipse.tractusx.edc.dataplane.transfer.test.AzureToAzureTest","org.eclipse.tractusx.edc.dataplane.transfer.test.AzureToAzureTest","transferFolder_targetFolderNotExists_shouldCreate"
"","37","Verifier should reject an auth token without the Bearer prefix","","Mon Jun 15 08:58:55 UTC 2026","passed","Mon Jun 15 08:58:55 UTC 2026","","org.eclipse.dataspacetck.dcp.verification.presentation.verifier.PresentationFlowSection4Test","org.eclipse.dataspacetck.dcp.verification.presentation.verifier.PresentationFlowSection4Test","presentationResponse_rejectMissingBearerPrefix"
"","6218","httpPushDataTransfer()","","Mon Jun 15 09:05:39 UTC 2026","passed","Mon Jun 15 09:05:45 UTC 2026","","org.eclipse.tractusx.edc.tests.transfer.TransferPushEndToEndTest.Dsp2025to2025","org.eclipse.tractusx.edc.tests.transfer.TransferPushEndToEndTest$Dsp2025to2025","httpPushDataTransfer"
"","4535","transferData_privateBackend()","","Mon Jun 15 09:01:59 UTC 2026","passed","Mon Jun 15 09:02:04 UTC 2026","","org.eclipse.tractusx.edc.tests.transfer.TransferPullEndToEndTest.Dsp08to08","org.eclipse.tractusx.edc.tests.transfer.TransferPullEndToEndTest$Dsp08to08","transferData_privateBackend"
"","719","Verify that the consumer receives only the offers he is permitted to (using the legacy BPN validation)","","Mon Jun 15 09:01:19 UTC 2026","passed","Mon Jun 15 09:01:20 UTC 2026","","org.eclipse.tractusx.edc.tests.catalog.CatalogTest","org.eclipse.tractusx.edc.tests.catalog.CatalogTest","requestCatalog_filteredByBpnLegacy_WithNamespace_shouldReject"
"","68","Policy is accepted ""Warranty Duration Months""","","Mon Jun 15 09:01:50 UTC 2026","passed","Mon Jun 15 09:01:50 UTC 2026","","org.eclipse.tractusx.edc.tests.policy.PolicyDefinitionEndToEndTest","org.eclipse.tractusx.edc.tests.policy.PolicyDefinitionEndToEndTest","shouldAcceptValidPolicyDefinitions"
"","40","Policy is not accepted because definition is not correct ""Access Policy with prohibition rule""","","Mon Jun 15 09:01:51 UTC 2026","passed","Mon Jun 15 09:01:51 UTC 2026","","org.eclipse.tractusx.edc.tests.policy.PolicyDefinitionEndToEndTest","org.eclipse.tractusx.edc.tests.policy.PolicyDefinitionEndToEndTest","shouldNotAcceptInvalidPolicyDefinitions"
"","96","refreshEdr_whenNotFound()","","Mon Jun 15 08:59:08 UTC 2026","passed","Mon Jun 15 08:59:08 UTC 2026","","org.eclipse.tractusx.edc.tests.edrv2.EdrCacheApiEndToEndTest","org.eclipse.tractusx.edc.tests.edrv2.EdrCacheApiEndToEndTest","refreshEdr_whenNotFound"
"","1970","discoveryShouldReturn400_ifRequestHasMissingProps()","","Mon Jun 15 08:58:57 UTC 2026","passed","Mon Jun 15 08:58:59 UTC 2026","","org.eclipse.tractusx.edc.discovery.e2e.ConnectorDiscoveryTest","org.eclipse.tractusx.edc.discovery.e2e.ConnectorDiscoveryTest","discoveryShouldReturn400_ifRequestHasMissingProps"
"","548","refreshEdr()","","Mon Jun 15 08:59:07 UTC 2026","passed","Mon Jun 15 08:59:08 UTC 2026","","org.eclipse.tractusx.edc.tests.edrv2.EdrCacheApiEndToEndTest","org.eclipse.tractusx.edc.tests.edrv2.EdrCacheApiEndToEndTest","refreshEdr"
"","11954","azureBlobPush_withoutDestFolder()","","Mon Jun 15 08:59:25 UTC 2026","passed","Mon Jun 15 08:59:37 UTC 2026","","org.eclipse.tractusx.edc.tests.transfer.AzureToAzureEndToEndTest","org.eclipse.tractusx.edc.tests.transfer.AzureToAzureEndToEndTest","azureBlobPush_withoutDestFolder"
"","5040","transferData_success_withProxyOriginalResponse()","","Mon Jun 15 09:04:07 UTC 2026","passed","Mon Jun 15 09:04:12 UTC 2026","","org.eclipse.tractusx.edc.tests.transfer.TransferPullEndToEndTest.Dsp2025to2025","org.eclipse.tractusx.edc.tests.transfer.TransferPullEndToEndTest$Dsp2025to2025","transferData_success_withProxyOriginalResponse"
"","100","5.4.3 Verifier should reject Presentations where the holder does not match the credentialSubject.id","","Mon Jun 15 08:58:56 UTC 2026","passed","Mon Jun 15 08:58:56 UTC 2026","","org.eclipse.dataspacetck.dcp.verification.presentation.verifier.PresentationFlowSection5Test","org.eclipse.dataspacetck.dcp.verification.presentation.verifier.PresentationFlowSection5Test","verifier_05_04_03_presentationResponse_holderNotEqualSubjectId"
"","2478","The authentication token has a invalid id","","Mon Jun 15 08:59:04 UTC 2026","passed","Mon Jun 15 08:59:06 UTC 2026","","org.eclipse.tractusx.edc.dataplane.tokenrefresh.e2e.DataPlaneTokenRefreshEndToEndTest","org.eclipse.tractusx.edc.dataplane.tokenrefresh.e2e.DataPlaneTokenRefreshEndToEndTest","refresh_invalidTokenId"
"","1828","trigger_shouldReturnSuccess_whenAllValidationsSucceed()","","Mon Jun 15 09:01:09 UTC 2026","passed","Mon Jun 15 09:01:10 UTC 2026","","org.eclipse.tractusx.edc.tests.transfer.DataFlowApiEndToEndTest","org.eclipse.tractusx.edc.tests.transfer.DataFlowApiEndToEndTest","trigger_shouldReturnSuccess_whenAllValidationsSucceed"
"","82","Policy is accepted ""Affiliates BPNL""","","Mon Jun 15 09:01:49 UTC 2026","passed","Mon Jun 15 09:01:49 UTC 2026","","org.eclipse.tractusx.edc.tests.policy.PolicyDefinitionEndToEndTest","org.eclipse.tractusx.edc.tests.policy.PolicyDefinitionEndToEndTest","shouldAcceptValidPolicyDefinitions"
"","13106","shouldTransferOneGbFile()","","Mon Jun 15 09:00:14 UTC 2026","passed","Mon Jun 15 09:00:27 UTC 2026","","org.eclipse.tractusx.edc.dataplane.transfer.test.S3ToS3Test","org.eclipse.tractusx.edc.dataplane.transfer.test.S3ToS3Test","shouldTransferOneGbFile"
"","94","Policy is accepted ""Jurisdiction Location""","","Mon Jun 15 09:01:49 UTC 2026","passed","Mon Jun 15 09:01:49 UTC 2026","","org.eclipse.tractusx.edc.tests.policy.PolicyDefinitionEndToEndTest","org.eclipse.tractusx.edc.tests.policy.PolicyDefinitionEndToEndTest","shouldAcceptValidPolicyDefinitions"
"","41","Policy is not accepted because definition is not correct ""Usage policy obligation with not allowed constraints""","","Mon Jun 15 09:01:51 UTC 2026","passed","Mon Jun 15 09:01:51 UTC 2026","","org.eclipse.tractusx.edc.tests.policy.PolicyDefinitionEndToEndTest","org.eclipse.tractusx.edc.tests.policy.PolicyDefinitionEndToEndTest","shouldNotAcceptInvalidPolicyDefinitions"
"","15605","discoveryShouldReturn502_whenProviderEndpointNotReachable()","","Mon Jun 15 08:59:32 UTC 2026","passed","Mon Jun 15 08:59:48 UTC 2026","","org.eclipse.tractusx.edc.discovery.e2e.ConnectorParameterDiscoveryTest","org.eclipse.tractusx.edc.discovery.e2e.ConnectorParameterDiscoveryTest","discoveryShouldReturn502_whenProviderEndpointNotReachable"
"","43","discoveryShouldReturnDspParams_DidAsIdentifier()","","Mon Jun 15 08:58:59 UTC 2026","passed","Mon Jun 15 08:58:59 UTC 2026","","org.eclipse.tractusx.edc.discovery.e2e.ConnectorDiscoveryTest","org.eclipse.tractusx.edc.discovery.e2e.ConnectorDiscoveryTest","discoveryShouldReturnDspParams_DidAsIdentifier"
"","48","Policy is not accepted due to missing context ""Warranty""","","Mon Jun 15 09:01:52 UTC 2026","passed","Mon Jun 15 09:01:52 UTC 2026","","org.eclipse.tractusx.edc.tests.policy.PolicyDefinitionEndToEndTest","org.eclipse.tractusx.edc.tests.policy.PolicyDefinitionEndToEndTest","shouldNotAcceptInvalidNamespacePolicyDefinitions"
"","76","5.1 Verifier should accept a valid PresentationResponseMessage","","Mon Jun 15 08:58:56 UTC 2026","passed","Mon Jun 15 08:58:56 UTC 2026","","org.eclipse.dataspacetck.dcp.verification.presentation.verifier.PresentationFlowSection5Test","org.eclipse.dataspacetck.dcp.verification.presentation.verifier.PresentationFlowSection5Test","verifier_05_01_presentationResponse_success"
"","2410","Refresh token is null or empty (missing) [2] """"","","Mon Jun 15 08:59:01 UTC 2026","passed","Mon Jun 15 08:59:04 UTC 2026","","org.eclipse.tractusx.edc.dataplane.tokenrefresh.e2e.DataPlaneTokenRefreshEndToEndTest","org.eclipse.tractusx.edc.dataplane.tokenrefresh.e2e.DataPlaneTokenRefreshEndToEndTest","refresh_invalidRefreshToken"
"","2055","transferFile_success(Vault)","","Mon Jun 15 08:59:36 UTC 2026","passed","Mon Jun 15 08:59:38 UTC 2026","","org.eclipse.tractusx.edc.dataplane.transfer.test.AzureToAzureTest","org.eclipse.tractusx.edc.dataplane.transfer.test.AzureToAzureTest","transferFile_success"
"","78","Policy is accepted ""Business Partner Number""","","Mon Jun 15 09:01:50 UTC 2026","passed","Mon Jun 15 09:01:50 UTC 2026","","org.eclipse.tractusx.edc.tests.policy.PolicyDefinitionEndToEndTest","org.eclipse.tractusx.edc.tests.policy.PolicyDefinitionEndToEndTest","shouldAcceptValidPolicyDefinitions"
"","1","verifyAgentId_whenNoMembershipCredential_forDsp2025(DataspaceProfileContextRegistry)","","Mon Jun 15 09:03:52 UTC 2026","passed","Mon Jun 15 09:03:52 UTC 2026","","org.eclipse.tractusx.edc.tests.transfer.IdentityExtractionTest","org.eclipse.tractusx.edc.tests.transfer.IdentityExtractionTest","verifyAgentId_whenNoMembershipCredential_forDsp2025"
"","58","Policy is accepted ""Exclusive Usage""","","Mon Jun 15 09:01:50 UTC 2026","passed","Mon Jun 15 09:01:50 UTC 2026","","org.eclipse.tractusx.edc.tests.policy.PolicyDefinitionEndToEndTest","org.eclipse.tractusx.edc.tests.policy.PolicyDefinitionEndToEndTest","shouldAcceptValidPolicyDefinitions"
"","81","Verify HTTP 403 response when refreshing the token is not allowed","","Mon Jun 15 08:59:08 UTC 2026","passed","Mon Jun 15 08:59:08 UTC 2026","","org.eclipse.tractusx.edc.tests.edrv2.EdrCacheApiEndToEndTest","org.eclipse.tractusx.edc.tests.edrv2.EdrCacheApiEndToEndTest","getEdrWithRefresh_unauthorized"
"","40","Policy is not accepted due to missing context ""Version Changes""","","Mon Jun 15 09:01:52 UTC 2026","passed","Mon Jun 15 09:01:52 UTC 2026","","org.eclipse.tractusx.edc.tests.policy.PolicyDefinitionEndToEndTest","org.eclipse.tractusx.edc.tests.policy.PolicyDefinitionEndToEndTest","shouldNotAcceptInvalidNamespacePolicyDefinitions"
"","54","4.3.3 Verify invalid access token - incorrect aud","","Mon Jun 15 08:58:55 UTC 2026","passed","Mon Jun 15 08:58:55 UTC 2026","","org.eclipse.dataspacetck.dcp.verification.presentation.verifier.PresentationFlowSection4Test","org.eclipse.dataspacetck.dcp.verification.presentation.verifier.PresentationFlowSection4Test","verifier_04_03_03_idTokenIncorrectAud"
"","73","Policy is accepted ""Data Frequency""","","Mon Jun 15 09:01:49 UTC 2026","passed","Mon Jun 15 09:01:49 UTC 2026","","org.eclipse.tractusx.edc.tests.policy.PolicyDefinitionEndToEndTest","org.eclipse.tractusx.edc.tests.policy.PolicyDefinitionEndToEndTest","shouldAcceptValidPolicyDefinitions"
"","232","discoveryShouldReturn2025DspParams_BpnAsIdentifier()","","Mon Jun 15 08:59:32 UTC 2026","passed","Mon Jun 15 08:59:32 UTC 2026","","org.eclipse.tractusx.edc.discovery.e2e.ConnectorParameterDiscoveryTest","org.eclipse.tractusx.edc.discovery.e2e.ConnectorParameterDiscoveryTest","discoveryShouldReturn2025DspParams_BpnAsIdentifier"
"","46","Policy is not accepted due to missing context ""Data Frequency""","","Mon Jun 15 09:01:51 UTC 2026","passed","Mon Jun 15 09:01:52 UTC 2026","","org.eclipse.tractusx.edc.tests.policy.PolicyDefinitionEndToEndTest","org.eclipse.tractusx.edc.tests.policy.PolicyDefinitionEndToEndTest","shouldNotAcceptInvalidNamespacePolicyDefinitions"
"","44","Policy is not accepted due to missing context ""Confidential Information Measures""","","Mon Jun 15 09:01:52 UTC 2026","passed","Mon Jun 15 09:01:52 UTC 2026","","org.eclipse.tractusx.edc.tests.policy.PolicyDefinitionEndToEndTest","org.eclipse.tractusx.edc.tests.policy.PolicyDefinitionEndToEndTest","shouldNotAcceptInvalidNamespacePolicyDefinitions"
"","279","Verify that the consumer receives only the offers he is permitted to (using the legacy BPN validation)","","Mon Jun 15 09:02:42 UTC 2026","passed","Mon Jun 15 09:02:42 UTC 2026","","org.eclipse.tractusx.edc.tests.catalog.CatalogTestDspV08","org.eclipse.tractusx.edc.tests.catalog.CatalogTestDspV08","requestCatalog_filteredByBpnLegacy_shouldReject"
"","951","shouldFail_whenDestinationBucketDoesNotExist()","","Mon Jun 15 09:00:13 UTC 2026","passed","Mon Jun 15 09:00:14 UTC 2026","","org.eclipse.tractusx.edc.dataplane.transfer.test.S3ToS3Test","org.eclipse.tractusx.edc.dataplane.transfer.test.S3ToS3Test","shouldFail_whenDestinationBucketDoesNotExist"
"","71","Policy is accepted ""Data Usage End Date""","","Mon Jun 15 09:01:49 UTC 2026","passed","Mon Jun 15 09:01:49 UTC 2026","","org.eclipse.tractusx.edc.tests.policy.PolicyDefinitionEndToEndTest","org.eclipse.tractusx.edc.tests.policy.PolicyDefinitionEndToEndTest","shouldAcceptValidPolicyDefinitions"
"","8188","azureBlobPush_containerNotExist()","","Mon Jun 15 08:59:45 UTC 2026","passed","Mon Jun 15 08:59:54 UTC 2026","","org.eclipse.tractusx.edc.tests.transfer.AzureToAzureEndToEndTest","org.eclipse.tractusx.edc.tests.transfer.AzureToAzureEndToEndTest","azureBlobPush_containerNotExist"
"","83","triggerDataTransfer_shouldFail_whenDataFlowIsFinite()","","Mon Jun 15 09:01:11 UTC 2026","passed","Mon Jun 15 09:01:11 UTC 2026","","org.eclipse.tractusx.edc.tests.transfer.DataFlowApiEndToEndTest","org.eclipse.tractusx.edc.tests.transfer.DataFlowApiEndToEndTest","triggerDataTransfer_shouldFail_whenDataFlowIsFinite"
"","956","triggerDataTransfer_shouldFail_whenDataFlowIsNotPushFlowType()","","Mon Jun 15 09:01:10 UTC 2026","passed","Mon Jun 15 09:01:11 UTC 2026","","org.eclipse.tractusx.edc.tests.transfer.DataFlowApiEndToEndTest","org.eclipse.tractusx.edc.tests.transfer.DataFlowApiEndToEndTest","triggerDataTransfer_shouldFail_whenDataFlowIsNotPushFlowType"
"","98","BusinessPartnerDeleted event is published","","Mon Jun 15 09:01:43 UTC 2026","passed","Mon Jun 15 09:01:43 UTC 2026","","org.eclipse.tractusx.edc.tests.bpn.events.BusinessPartnerEventTest","org.eclipse.tractusx.edc.tests.bpn.events.BusinessPartnerEventTest","shouldPublishBusinessPartnerDeletedEvent"
"","31470","shouldTerminateTransfer_whenDataUsageEndDatePolicyExpires()","","Mon Jun 15 09:02:45 UTC 2026","passed","Mon Jun 15 09:03:17 UTC 2026","","org.eclipse.tractusx.edc.tests.policy.PolicyMonitorEndToEndTest","org.eclipse.tractusx.edc.tests.policy.PolicyMonitorEndToEndTest","shouldTerminateTransfer_whenDataUsageEndDatePolicyExpires"
"","59","Policy is not accepted due to missing context ""ContractTermination""","","Mon Jun 15 09:01:52 UTC 2026","passed","Mon Jun 15 09:01:52 UTC 2026","","org.eclipse.tractusx.edc.tests.policy.PolicyDefinitionEndToEndTest","org.eclipse.tractusx.edc.tests.policy.PolicyDefinitionEndToEndTest","shouldNotAcceptInvalidNamespacePolicyDefinitions"
"","3466","Verify that the consumer receives only the offers he is permitted to (using the legacy CX policy)","","Mon Jun 15 09:01:16 UTC 2026","passed","Mon Jun 15 09:01:19 UTC 2026","","org.eclipse.tractusx.edc.tests.catalog.CatalogTest","org.eclipse.tractusx.edc.tests.catalog.CatalogTest","requestCatalog_filteredByBpn_UsingLegacyCxPolicy_shouldReject"
"","5710","transferData_successful_notReturnOriginalSourceResponseCode_withTerminate()","","Mon Jun 15 09:04:19 UTC 2026","passed","Mon Jun 15 09:04:25 UTC 2026","","org.eclipse.tractusx.edc.tests.transfer.TransferPullEndToEndTest.Dsp2025to2025","org.eclipse.tractusx.edc.tests.transfer.TransferPullEndToEndTest$Dsp2025to2025","transferData_successful_notReturnOriginalSourceResponseCode_withTerminate"
"","6068","transferData_privateBackend()","","Mon Jun 15 09:04:27 UTC 2026","passed","Mon Jun 15 09:04:33 UTC 2026","","org.eclipse.tractusx.edc.tests.transfer.StsConsumerPullTest","org.eclipse.tractusx.edc.tests.transfer.StsConsumerPullTest","transferData_privateBackend"
"","2439","The authentication token misses required claims: audience","","Mon Jun 15 08:59:11 UTC 2026","passed","Mon Jun 15 08:59:14 UTC 2026","","org.eclipse.tractusx.edc.dataplane.tokenrefresh.e2e.DataPlaneTokenRefreshEndToEndTest","org.eclipse.tractusx.edc.dataplane.tokenrefresh.e2e.DataPlaneTokenRefreshEndToEndTest","refresh_invalidAuthenticationToken_missingAudience"
"","2090","transferFile_s3ToAzureMultipleFiles_whenConsumerDefinesBloblName_success(Vault)","","Mon Jun 15 08:59:55 UTC 2026","passed","Mon Jun 15 08:59:57 UTC 2026","","org.eclipse.tractusx.edc.dataplane.transfer.test.MultiCloudTest","org.eclipse.tractusx.edc.dataplane.transfer.test.MultiCloudTest","transferFile_s3ToAzureMultipleFiles_whenConsumerDefinesBloblName_success"
"","93","Policy is accepted ""Data Usage End Duration Days""","","Mon Jun 15 09:01:49 UTC 2026","passed","Mon Jun 15 09:01:49 UTC 2026","","org.eclipse.tractusx.edc.tests.policy.PolicyDefinitionEndToEndTest","org.eclipse.tractusx.edc.tests.policy.PolicyDefinitionEndToEndTest","shouldAcceptValidPolicyDefinitions"
"","2185","Verify the refresh endpoint is not called when auto_refresh=false","","Mon Jun 15 08:59:05 UTC 2026","passed","Mon Jun 15 08:59:07 UTC 2026","","org.eclipse.tractusx.edc.tests.edrv2.EdrCacheApiEndToEndTest","org.eclipse.tractusx.edc.tests.edrv2.EdrCacheApiEndToEndTest","getEdrWithRefresh_whenNotAutorefresh_shouldNotCallEndpoint"
"","5199","transferData_success_withProxyOriginalResponse_withoutSourceResponseBody()","","Mon Jun 15 09:02:09 UTC 2026","passed","Mon Jun 15 09:02:14 UTC 2026","","org.eclipse.tractusx.edc.tests.transfer.TransferPullEndToEndTest.Dsp08to08","org.eclipse.tractusx.edc.tests.transfer.TransferPullEndToEndTest$Dsp08to08","transferData_success_withProxyOriginalResponse_withoutSourceResponseBody"
"","11546","transferFile_withBucketCreation_success()","","Mon Jun 15 09:00:25 UTC 2026","passed","Mon Jun 15 09:00:36 UTC 2026","","org.eclipse.tractusx.edc.tests.transfer.S3ToS3EndToEndTest","org.eclipse.tractusx.edc.tests.transfer.S3ToS3EndToEndTest","transferFile_withBucketCreation_success"
"","2449","BusinessPartnerCreated event is published","","Mon Jun 15 09:01:40 UTC 2026","passed","Mon Jun 15 09:01:43 UTC 2026","","org.eclipse.tractusx.edc.tests.bpn.events.BusinessPartnerEventTest","org.eclipse.tractusx.edc.tests.bpn.events.BusinessPartnerEventTest","shouldPublishBusinessPartnerCreatedEvent"
"","51","Policy is not accepted because definition is not correct ""Usage policy prohibition with not allowed constraints""","","Mon Jun 15 09:01:51 UTC 2026","passed","Mon Jun 15 09:01:51 UTC 2026","","org.eclipse.tractusx.edc.tests.policy.PolicyDefinitionEndToEndTest","org.eclipse.tractusx.edc.tests.policy.PolicyDefinitionEndToEndTest","shouldNotAcceptInvalidPolicyDefinitions"
"","13204","transferData_withTerminate()","","Mon Jun 15 09:03:48 UTC 2026","passed","Mon Jun 15 09:04:02 UTC 2026","","org.eclipse.tractusx.edc.tests.transfer.TransferPullEndToEndTest.Dsp2025to2025","org.eclipse.tractusx.edc.tests.transfer.TransferPullEndToEndTest$Dsp2025to2025","transferData_withTerminate"
"","57","Provider gets 400 when no asset selector is used","","Mon Jun 15 09:00:00 UTC 2026","passed","Mon Jun 15 09:00:00 UTC 2026","","org.eclipse.tractusx.edc.tests.validators.EmptyAssetSelectorValidatorTest","org.eclipse.tractusx.edc.tests.validators.EmptyAssetSelectorValidatorTest","shouldFail_whenContractDefinitionHasNoAssetSelector"
"","8499","httpPushDataTransfer_withLegacyUsagePolicy()","","Mon Jun 15 09:05:31 UTC 2026","passed","Mon Jun 15 09:05:39 UTC 2026","","org.eclipse.tractusx.edc.tests.transfer.TransferPushEndToEndTest.Dsp2025to2025","org.eclipse.tractusx.edc.tests.transfer.TransferPushEndToEndTest$Dsp2025to2025","httpPushDataTransfer_withLegacyUsagePolicy"
"","89","4.3.3 Verify invalid access token - iss and sub different","","Mon Jun 15 08:58:55 UTC 2026","passed","Mon Jun 15 08:58:55 UTC 2026","","org.eclipse.dataspacetck.dcp.verification.presentation.verifier.PresentationFlowSection4Test","org.eclipse.dataspacetck.dcp.verification.presentation.verifier.PresentationFlowSection4Test","verifier_04_03_03_idTokenInvalidSub"
"","309","Verify that the consumer receives only the offers he is permitted to (using the new BPN validation)","","Mon Jun 15 09:02:16 UTC 2026","passed","Mon Jun 15 09:02:17 UTC 2026","","org.eclipse.tractusx.edc.tests.catalog.CatalogTest","org.eclipse.tractusx.edc.tests.catalog.CatalogTest","requestCatalog_filteredByBpn_shouldReject"
"","24704","transferFile_largeFile(long, Vault) File size bytes: 1073741824","","Mon Jun 15 08:59:09 UTC 2026","passed","Mon Jun 15 08:59:34 UTC 2026","","org.eclipse.tractusx.edc.dataplane.transfer.test.AzureToAzureTest","org.eclipse.tractusx.edc.dataplane.transfer.test.AzureToAzureTest","transferFile_largeFile"
"","17332","Malicious actor should not impersonate a consumer sending a valid consumer VP","","Mon Jun 15 09:02:14 UTC 2026","passed","Mon Jun 15 09:02:31 UTC 2026","","org.eclipse.tractusx.edc.tests.transfer.CredentialSpoofTest","org.eclipse.tractusx.edc.tests.transfer.CredentialSpoofTest","shouldNotImpersonateConsumer_withConsumerPresentation"
"","286","Expect the Catalog request to fail if a credential is revoked","","Mon Jun 15 09:04:14 UTC 2026","passed","Mon Jun 15 09:04:14 UTC 2026","","org.eclipse.tractusx.edc.tests.transfer.StsConsumerPullTest","org.eclipse.tractusx.edc.tests.transfer.StsConsumerPullTest","catalogRequest_whenCredentialRevoked"
"","45","Policy is not accepted due to missing context ""Usage Purpose""","","Mon Jun 15 09:01:52 UTC 2026","passed","Mon Jun 15 09:01:52 UTC 2026","","org.eclipse.tractusx.edc.tests.policy.PolicyDefinitionEndToEndTest","org.eclipse.tractusx.edc.tests.policy.PolicyDefinitionEndToEndTest","shouldNotAcceptInvalidNamespacePolicyDefinitions"
"","8564","httpPushDataTransfer_withLegacyUsagePolicy()","","Mon Jun 15 09:04:44 UTC 2026","passed","Mon Jun 15 09:04:52 UTC 2026","","org.eclipse.tractusx.edc.tests.transfer.TransferPushEndToEndTest.Dsp08to08","org.eclipse.tractusx.edc.tests.transfer.TransferPushEndToEndTest$Dsp08to08","httpPushDataTransfer_withLegacyUsagePolicy"
"","108","discoveryShouldReturn400_whenNoProtocolsAvailable()","","Mon Jun 15 08:59:32 UTC 2026","passed","Mon Jun 15 08:59:32 UTC 2026","","org.eclipse.tractusx.edc.discovery.e2e.ConnectorParameterDiscoveryTest","org.eclipse.tractusx.edc.discovery.e2e.ConnectorParameterDiscoveryTest","discoveryShouldReturn400_whenNoProtocolsAvailable"
"","24","discoveryShouldReturn400_whenDidNotResolvable()","","Mon Jun 15 08:59:32 UTC 2026","passed","Mon Jun 15 08:59:32 UTC 2026","","org.eclipse.tractusx.edc.discovery.e2e.ConnectorParameterDiscoveryTest","org.eclipse.tractusx.edc.discovery.e2e.ConnectorParameterDiscoveryTest","discoveryShouldReturn400_whenDidNotResolvable"
"","6104","transferData_unsuccessful_notReturnOriginalSourceResponseCode_withTerminate()","","Mon Jun 15 09:03:36 UTC 2026","passed","Mon Jun 15 09:03:42 UTC 2026","","org.eclipse.tractusx.edc.tests.transfer.TransferPullEndToEndTest.Dsp2025to2025","org.eclipse.tractusx.edc.tests.transfer.TransferPullEndToEndTest$Dsp2025to2025","transferData_unsuccessful_notReturnOriginalSourceResponseCode_withTerminate"
"","47","Policy is not accepted due to missing context ""Data Usage End Date""","","Mon Jun 15 09:01:52 UTC 2026","passed","Mon Jun 15 09:01:52 UTC 2026","","org.eclipse.tractusx.edc.tests.policy.PolicyDefinitionEndToEndTest","org.eclipse.tractusx.edc.tests.policy.PolicyDefinitionEndToEndTest","shouldNotAcceptInvalidNamespacePolicyDefinitions"
"","2050","transferFile_azureToS3(Vault)","","Mon Jun 15 08:59:59 UTC 2026","passed","Mon Jun 15 09:00:01 UTC 2026","","org.eclipse.tractusx.edc.dataplane.transfer.test.MultiCloudTest","org.eclipse.tractusx.edc.dataplane.transfer.test.MultiCloudTest","transferFile_azureToS3"
"","94","Policy is accepted ""Precedence""","","Mon Jun 15 09:01:49 UTC 2026","passed","Mon Jun 15 09:01:49 UTC 2026","","org.eclipse.tractusx.edc.tests.policy.PolicyDefinitionEndToEndTest","org.eclipse.tractusx.edc.tests.policy.PolicyDefinitionEndToEndTest","shouldAcceptValidPolicyDefinitions"
"","44","5.4.2.3 Verifier should reject an empty 'presentation' array","","Mon Jun 15 08:58:56 UTC 2026","passed","Mon Jun 15 08:58:56 UTC 2026","","org.eclipse.dataspacetck.dcp.verification.presentation.verifier.PresentationFlowSection5Test","org.eclipse.dataspacetck.dcp.verification.presentation.verifier.PresentationFlowSection5Test","verifier_05_04_02_03_presentationResponse_emptyPresentations"
"","61","Policy is accepted ""Enforce data usage end date 1 second in the future""","","Mon Jun 15 09:01:51 UTC 2026","passed","Mon Jun 15 09:01:51 UTC 2026","","org.eclipse.tractusx.edc.tests.policy.PolicyDefinitionEndToEndTest","org.eclipse.tractusx.edc.tests.policy.PolicyDefinitionEndToEndTest","shouldAcceptValidPolicyDefinitions"
"","445","discoveryShouldReturnDspParams_BpnAsIdentifier()","","Mon Jun 15 08:58:59 UTC 2026","passed","Mon Jun 15 08:58:59 UTC 2026","","org.eclipse.tractusx.edc.discovery.e2e.ConnectorDiscoveryTest","org.eclipse.tractusx.edc.discovery.e2e.ConnectorDiscoveryTest","discoveryShouldReturnDspParams_BpnAsIdentifier"
"","66","Policy is not accepted due to missing context ""Business Partner Group""","","Mon Jun 15 09:01:52 UTC 2026","passed","Mon Jun 15 09:01:52 UTC 2026","","org.eclipse.tractusx.edc.tests.policy.PolicyDefinitionEndToEndTest","org.eclipse.tractusx.edc.tests.policy.PolicyDefinitionEndToEndTest","shouldNotAcceptInvalidNamespacePolicyDefinitions"
"","4704","transferData_successful_notReturnOriginalSourceResponseCode_withTerminate()","","Mon Jun 15 09:02:54 UTC 2026","passed","Mon Jun 15 09:02:59 UTC 2026","","org.eclipse.tractusx.edc.tests.transfer.TransferPullEndToEndTest.Dsp08to08","org.eclipse.tractusx.edc.tests.transfer.TransferPullEndToEndTest$Dsp08to08","transferData_successful_notReturnOriginalSourceResponseCode_withTerminate"
"","66","Policy is accepted ""Contract reference""","","Mon Jun 15 09:01:50 UTC 2026","passed","Mon Jun 15 09:01:50 UTC 2026","","org.eclipse.tractusx.edc.tests.policy.PolicyDefinitionEndToEndTest","org.eclipse.tractusx.edc.tests.policy.PolicyDefinitionEndToEndTest","shouldAcceptValidPolicyDefinitions"
"","56","Policy is not accepted because definition is not correct ""Access policy permission with not allowed constraints""","","Mon Jun 15 09:01:51 UTC 2026","passed","Mon Jun 15 09:01:51 UTC 2026","","org.eclipse.tractusx.edc.tests.policy.PolicyDefinitionEndToEndTest","org.eclipse.tractusx.edc.tests.policy.PolicyDefinitionEndToEndTest","shouldNotAcceptInvalidPolicyDefinitions"
"","35","Policy is not accepted due to missing context ""Exclusive Usage""","","Mon Jun 15 09:01:52 UTC 2026","passed","Mon Jun 15 09:01:52 UTC 2026","","org.eclipse.tractusx.edc.tests.policy.PolicyDefinitionEndToEndTest","org.eclipse.tractusx.edc.tests.policy.PolicyDefinitionEndToEndTest","shouldNotAcceptInvalidNamespacePolicyDefinitions"
"","8116","azureBlobPush_withDestFolder()","","Mon Jun 15 08:59:37 UTC 2026","passed","Mon Jun 15 08:59:45 UTC 2026","","org.eclipse.tractusx.edc.tests.transfer.AzureToAzureEndToEndTest","org.eclipse.tractusx.edc.tests.transfer.AzureToAzureEndToEndTest","azureBlobPush_withDestFolder"
"","215","Expect the Catalog request to fail if a requested credential is missing","","Mon Jun 15 09:03:17 UTC 2026","passed","Mon Jun 15 09:03:17 UTC 2026","","org.eclipse.tractusx.edc.tests.transfer.DivConsumerPullTest","org.eclipse.tractusx.edc.tests.transfer.DivConsumerPullTest","catalogRequest_whenRequestedCredentialMissing"
"","62","Policy is not accepted because definition is not correct ""Policy with mutually exclusive constraints""","","Mon Jun 15 09:01:51 UTC 2026","passed","Mon Jun 15 09:01:51 UTC 2026","","org.eclipse.tractusx.edc.tests.policy.PolicyDefinitionEndToEndTest","org.eclipse.tractusx.edc.tests.policy.PolicyDefinitionEndToEndTest","shouldNotAcceptInvalidPolicyDefinitions"
"","27","discoveryShouldReturn2025DspParams_DidAsIdentifier()","","Mon Jun 15 08:59:32 UTC 2026","passed","Mon Jun 15 08:59:32 UTC 2026","","org.eclipse.tractusx.edc.discovery.e2e.ConnectorParameterDiscoveryTest","org.eclipse.tractusx.edc.discovery.e2e.ConnectorParameterDiscoveryTest","discoveryShouldReturn2025DspParams_DidAsIdentifier"
"","55512","Catalog with 1000 offers","","Mon Jun 15 09:01:21 UTC 2026","passed","Mon Jun 15 09:02:16 UTC 2026","","org.eclipse.tractusx.edc.tests.catalog.CatalogTest","org.eclipse.tractusx.edc.tests.catalog.CatalogTest","requestCatalog_of1000Assets_shouldContainAll"
"","25","discoveryShouldReturn400_ifRequestHasMissingProps()","","Mon Jun 15 08:59:32 UTC 2026","passed","Mon Jun 15 08:59:32 UTC 2026","","org.eclipse.tractusx.edc.discovery.e2e.ConnectorParameterDiscoveryTest","org.eclipse.tractusx.edc.discovery.e2e.ConnectorParameterDiscoveryTest","discoveryShouldReturn400_ifRequestHasMissingProps"
"","7765","Verify all existing TPs related to an agreement are terminated upon its retirement","","Mon Jun 15 09:01:32 UTC 2026","passed","Mon Jun 15 09:01:39 UTC 2026","","org.eclipse.tractusx.edc.tests.transfer.RetireAgreementTest","org.eclipse.tractusx.edc.tests.transfer.RetireAgreementTest","retireAgreement_shouldCloseTransferProcesses"
"","46","Policy is not accepted due to missing context ""Precedence""","","Mon Jun 15 09:01:52 UTC 2026","passed","Mon Jun 15 09:01:52 UTC 2026","","org.eclipse.tractusx.edc.tests.policy.PolicyDefinitionEndToEndTest","org.eclipse.tractusx.edc.tests.policy.PolicyDefinitionEndToEndTest","shouldNotAcceptInvalidNamespacePolicyDefinitions"
"","83","Policy is accepted ""Version Changes""","","Mon Jun 15 09:01:50 UTC 2026","passed","Mon Jun 15 09:01:50 UTC 2026","","org.eclipse.tractusx.edc.tests.policy.PolicyDefinitionEndToEndTest","org.eclipse.tractusx.edc.tests.policy.PolicyDefinitionEndToEndTest","shouldAcceptValidPolicyDefinitions"
"","5058","transferData_privateBackend_withConsumerDataPlane()","","Mon Jun 15 09:03:36 UTC 2026","passed","Mon Jun 15 09:03:41 UTC 2026","","org.eclipse.tractusx.edc.tests.transfer.DivConsumerPullTest","org.eclipse.tractusx.edc.tests.transfer.DivConsumerPullTest","transferData_privateBackend_withConsumerDataPlane"
"","6060","httpPushDataTransfer()","","Mon Jun 15 09:04:52 UTC 2026","passed","Mon Jun 15 09:04:58 UTC 2026","","org.eclipse.tractusx.edc.tests.transfer.TransferPushEndToEndTest.Dsp08to08","org.eclipse.tractusx.edc.tests.transfer.TransferPushEndToEndTest$Dsp08to08","httpPushDataTransfer"
"","99","Policy is accepted ""Usage Purpose""","","Mon Jun 15 09:01:49 UTC 2026","passed","Mon Jun 15 09:01:50 UTC 2026","","org.eclipse.tractusx.edc.tests.policy.PolicyDefinitionEndToEndTest","org.eclipse.tractusx.edc.tests.policy.PolicyDefinitionEndToEndTest","shouldAcceptValidPolicyDefinitions"
"","25","discoveryShouldReturn08DspParams_whenDsp2025NotAvailable_DidAsIdentifier()","","Mon Jun 15 08:59:32 UTC 2026","passed","Mon Jun 15 08:59:32 UTC 2026","","org.eclipse.tractusx.edc.discovery.e2e.ConnectorParameterDiscoveryTest","org.eclipse.tractusx.edc.discovery.e2e.ConnectorParameterDiscoveryTest","discoveryShouldReturn08DspParams_whenDsp2025NotAvailable_DidAsIdentifier"
"","80","Policy is accepted ""Data Usage End Date Definition""","","Mon Jun 15 09:01:49 UTC 2026","passed","Mon Jun 15 09:01:49 UTC 2026","","org.eclipse.tractusx.edc.tests.policy.PolicyDefinitionEndToEndTest","org.eclipse.tractusx.edc.tests.policy.PolicyDefinitionEndToEndTest","shouldAcceptValidPolicyDefinitions"
"","5581","Contract policy is fulfilled ""DataExchangeGovernance use case""","","Mon Jun 15 09:04:22 UTC 2026","passed","Mon Jun 15 09:04:27 UTC 2026","","org.eclipse.tractusx.edc.tests.transfer.StsConsumerPullTest","org.eclipse.tractusx.edc.tests.transfer.StsConsumerPullTest","transferData_whenContractPolicyFulfilled"
"","91","Policy is accepted ""ContractTermination""","","Mon Jun 15 09:01:50 UTC 2026","passed","Mon Jun 15 09:01:50 UTC 2026","","org.eclipse.tractusx.edc.tests.policy.PolicyDefinitionEndToEndTest","org.eclipse.tractusx.edc.tests.policy.PolicyDefinitionEndToEndTest","shouldAcceptValidPolicyDefinitions"
"","53","5.4.3.7 Verifier should reject an expired credential","","Mon Jun 15 08:58:56 UTC 2026","passed","Mon Jun 15 08:58:56 UTC 2026","","org.eclipse.dataspacetck.dcp.verification.presentation.verifier.PresentationFlowSection5Test","org.eclipse.dataspacetck.dcp.verification.presentation.verifier.PresentationFlowSection5Test","verifier_05_04_03_07_presentationResponse_expiredCredential"
"","269","Provider gets 400 when empty asset selector is used","","Mon Jun 15 08:59:59 UTC 2026","passed","Mon Jun 15 09:00:00 UTC 2026","","org.eclipse.tractusx.edc.tests.validators.EmptyAssetSelectorValidatorTest","org.eclipse.tractusx.edc.tests.validators.EmptyAssetSelectorValidatorTest","shouldFail_whenContractDefinitionHasEmptyAssetSelector"
"","44","Policy is not accepted due to missing context ""Data Usage End Date Definition""","","Mon Jun 15 09:01:52 UTC 2026","passed","Mon Jun 15 09:01:52 UTC 2026","","org.eclipse.tractusx.edc.tests.policy.PolicyDefinitionEndToEndTest","org.eclipse.tractusx.edc.tests.policy.PolicyDefinitionEndToEndTest","shouldNotAcceptInvalidNamespacePolicyDefinitions"
"","161632","assertDspCompatibility()","","Mon Jun 15 08:58:56 UTC 2026","passed","Mon Jun 15 09:01:37 UTC 2026","","org.eclipse.tractusx.edc.tests.tck.dsp.EdcCompatibilityPostgresTest","org.eclipse.tractusx.edc.tests.tck.dsp.EdcCompatibilityPostgresTest","assertDspCompatibility"
"","88","Policy is accepted ""Affiliates Region""","","Mon Jun 15 09:01:48 UTC 2026","passed","Mon Jun 15 09:01:48 UTC 2026","","org.eclipse.tractusx.edc.tests.policy.PolicyDefinitionEndToEndTest","org.eclipse.tractusx.edc.tests.policy.PolicyDefinitionEndToEndTest","shouldAcceptValidPolicyDefinitions"
"","2138","transferFile_success()","","Mon Jun 15 09:00:10 UTC 2026","passed","Mon Jun 15 09:00:13 UTC 2026","","org.eclipse.tractusx.edc.dataplane.transfer.test.S3ToS3Test","org.eclipse.tractusx.edc.dataplane.transfer.test.S3ToS3Test","transferFile_success"
"","2054","transferMultipleFiles()","","Mon Jun 15 09:00:27 UTC 2026","passed","Mon Jun 15 09:00:29 UTC 2026","","org.eclipse.tractusx.edc.dataplane.transfer.test.S3ToS3Test","org.eclipse.tractusx.edc.dataplane.transfer.test.S3ToS3Test","transferMultipleFiles"
"","48","Policy is not accepted due to missing context ""Liability""","","Mon Jun 15 09:01:52 UTC 2026","passed","Mon Jun 15 09:01:52 UTC 2026","","org.eclipse.tractusx.edc.tests.policy.PolicyDefinitionEndToEndTest","org.eclipse.tractusx.edc.tests.policy.PolicyDefinitionEndToEndTest","shouldNotAcceptInvalidNamespacePolicyDefinitions"
"","137","Policy is not accepted because definition is not correct ""Usage policy with empty permission""","","Mon Jun 15 09:01:51 UTC 2026","passed","Mon Jun 15 09:01:51 UTC 2026","","org.eclipse.tractusx.edc.tests.policy.PolicyDefinitionEndToEndTest","org.eclipse.tractusx.edc.tests.policy.PolicyDefinitionEndToEndTest","shouldNotAcceptInvalidPolicyDefinitions"
"","37","Policy is not accepted due to missing context ""Warranty Duration Months""","","Mon Jun 15 09:01:52 UTC 2026","passed","Mon Jun 15 09:01:52 UTC 2026","","org.eclipse.tractusx.edc.tests.policy.PolicyDefinitionEndToEndTest","org.eclipse.tractusx.edc.tests.policy.PolicyDefinitionEndToEndTest","shouldNotAcceptInvalidNamespacePolicyDefinitions"
"","2591","The Authorization header is missing","","Mon Jun 15 08:58:54 UTC 2026","passed","Mon Jun 15 08:58:56 UTC 2026","","org.eclipse.tractusx.edc.dataplane.tokenrefresh.e2e.DataPlaneTokenRefreshEndToEndTest","org.eclipse.tractusx.edc.dataplane.tokenrefresh.e2e.DataPlaneTokenRefreshEndToEndTest","refresh_missingAuthHeader"
"","2570","shouldDelegateAuth()","","Mon Jun 15 08:59:44 UTC 2026","passed","Mon Jun 15 08:59:47 UTC 2026","","org.eclipse.tractusx.edc.tests.auth.DelegatedAuthEndToEndTest","org.eclipse.tractusx.edc.tests.auth.DelegatedAuthEndToEndTest","shouldDelegateAuth"
"","10332","transferFile_success()","","Mon Jun 15 09:00:36 UTC 2026","passed","Mon Jun 15 09:00:46 UTC 2026","","org.eclipse.tractusx.edc.tests.transfer.S3ToS3EndToEndTest","org.eclipse.tractusx.edc.tests.transfer.S3ToS3EndToEndTest","transferFile_success"
"","66","refreshEdr_whenNotAuthorized()","","Mon Jun 15 08:59:14 UTC 2026","passed","Mon Jun 15 08:59:14 UTC 2026","","org.eclipse.tractusx.edc.tests.edrv2.EdrCacheApiEndToEndTest","org.eclipse.tractusx.edc.tests.edrv2.EdrCacheApiEndToEndTest","refreshEdr_whenNotAuthorized"
"","39","Policy is not accepted due to missing context ""Warranty Definition""","","Mon Jun 15 09:01:52 UTC 2026","passed","Mon Jun 15 09:01:52 UTC 2026","","org.eclipse.tractusx.edc.tests.policy.PolicyDefinitionEndToEndTest","org.eclipse.tractusx.edc.tests.policy.PolicyDefinitionEndToEndTest","shouldNotAcceptInvalidNamespacePolicyDefinitions"
"","42","Policy is not accepted due to missing context ""Jurisdiction Location""","","Mon Jun 15 09:01:52 UTC 2026","passed","Mon Jun 15 09:01:52 UTC 2026","","org.eclipse.tractusx.edc.tests.policy.PolicyDefinitionEndToEndTest","org.eclipse.tractusx.edc.tests.policy.PolicyDefinitionEndToEndTest","shouldNotAcceptInvalidNamespacePolicyDefinitions"
"","628","Verify that the consumer receives only the offers he is permitted to (using the legacy CX policy)","","Mon Jun 15 09:02:40 UTC 2026","passed","Mon Jun 15 09:02:41 UTC 2026","","org.eclipse.tractusx.edc.tests.catalog.CatalogTestDspV08","org.eclipse.tractusx.edc.tests.catalog.CatalogTestDspV08","requestCatalog_filteredByBpn_UsingLegacyCxPolicy_shouldReject"
"","100","5.4.2.4 Verifier should reject an a presentation where a requested credential is missing","","Mon Jun 15 08:58:56 UTC 2026","passed","Mon Jun 15 08:58:56 UTC 2026","","org.eclipse.dataspacetck.dcp.verification.presentation.verifier.PresentationFlowSection5Test","org.eclipse.dataspacetck.dcp.verification.presentation.verifier.PresentationFlowSection5Test","verifier_05_04_02_04_presentationResponse_emptyCredentials"
"","2061","transferFile_s3ToAzureMultipleFiles(Vault)","","Mon Jun 15 09:00:01 UTC 2026","passed","Mon Jun 15 09:00:03 UTC 2026","","org.eclipse.tractusx.edc.dataplane.transfer.test.MultiCloudTest","org.eclipse.tractusx.edc.dataplane.transfer.test.MultiCloudTest","transferFile_s3ToAzureMultipleFiles"
"","5036","transferData_unsuccessful_notReturnOriginalSourceResponseCode_withTerminate()","","Mon Jun 15 09:02:14 UTC 2026","passed","Mon Jun 15 09:02:19 UTC 2026","","org.eclipse.tractusx.edc.tests.transfer.TransferPullEndToEndTest.Dsp08to08","org.eclipse.tractusx.edc.tests.transfer.TransferPullEndToEndTest$Dsp08to08","transferData_unsuccessful_notReturnOriginalSourceResponseCode_withTerminate"
"","158","5.4.3.6 Verifier should reject Presentations where at least 1 credential is revoked/suspended","","Mon Jun 15 08:58:56 UTC 2026","passed","Mon Jun 15 08:58:56 UTC 2026","","org.eclipse.dataspacetck.dcp.verification.presentation.verifier.PresentationFlowSection5Test","org.eclipse.dataspacetck.dcp.verification.presentation.verifier.PresentationFlowSection5Test","verifier_05_04_03_06_presentationResponse_credentialRevoked"
"","74","Policy is accepted ""Empty Policy""","","Mon Jun 15 09:01:50 UTC 2026","passed","Mon Jun 15 09:01:50 UTC 2026","","org.eclipse.tractusx.edc.tests.policy.PolicyDefinitionEndToEndTest","org.eclipse.tractusx.edc.tests.policy.PolicyDefinitionEndToEndTest","shouldAcceptValidPolicyDefinitions"
"","13875","httpPushNonFiniteDataTransfer()","","Mon Jun 15 09:05:45 UTC 2026","passed","Mon Jun 15 09:05:59 UTC 2026","","org.eclipse.tractusx.edc.tests.transfer.TransferPushEndToEndTest.Dsp2025to2025","org.eclipse.tractusx.edc.tests.transfer.TransferPushEndToEndTest$Dsp2025to2025","httpPushNonFiniteDataTransfer"
"","11750","transferData_withAutomaticRefresh()","","Mon Jun 15 09:06:19 UTC 2026","passed","Mon Jun 15 09:06:30 UTC 2026","","org.eclipse.tractusx.edc.tests.transfer.TransferWithTokenRefreshTest","org.eclipse.tractusx.edc.tests.transfer.TransferWithTokenRefreshTest","transferData_withAutomaticRefresh"
"","15776","Malicious actor should not impersonate a consumer by creating a VP with the consumer membership credential","","Mon Jun 15 09:02:31 UTC 2026","passed","Mon Jun 15 09:02:47 UTC 2026","","org.eclipse.tractusx.edc.tests.transfer.CredentialSpoofTest","org.eclipse.tractusx.edc.tests.transfer.CredentialSpoofTest","shouldNotImpersonateConsumer_withWrappedConsumerCredential"
"","268","Verify that the consumer receives only the offers he is permitted to (using the legacy BPN validation)","","Mon Jun 15 09:02:17 UTC 2026","passed","Mon Jun 15 09:02:17 UTC 2026","","org.eclipse.tractusx.edc.tests.catalog.CatalogTest","org.eclipse.tractusx.edc.tests.catalog.CatalogTest","requestCatalog_filteredByBpnLegacy_shouldReject"
"","41","Verifier should resolve the DID from the prover's ID token","","Mon Jun 15 08:58:56 UTC 2026","passed","Mon Jun 15 08:58:56 UTC 2026","","org.eclipse.dataspacetck.dcp.verification.presentation.verifier.PresentationFlowSection5Test","org.eclipse.dataspacetck.dcp.verification.presentation.verifier.PresentationFlowSection5Test","presentationResponse_endpointDiscovery"
"","37","Policy is not accepted due to missing context ""Business Partner Number""","","Mon Jun 15 09:01:52 UTC 2026","passed","Mon Jun 15 09:01:53 UTC 2026","","org.eclipse.tractusx.edc.tests.policy.PolicyDefinitionEndToEndTest","org.eclipse.tractusx.edc.tests.policy.PolicyDefinitionEndToEndTest","shouldNotAcceptInvalidNamespacePolicyDefinitions"
"","5993","transferData_failing_withProxyOriginalResponse()","","Mon Jun 15 09:03:42 UTC 2026","passed","Mon Jun 15 09:03:48 UTC 2026","","org.eclipse.tractusx.edc.tests.transfer.TransferPullEndToEndTest.Dsp2025to2025","org.eclipse.tractusx.edc.tests.transfer.TransferPullEndToEndTest$Dsp2025to2025","transferData_failing_withProxyOriginalResponse"
"","71","4.3.1 Verifier should reject an ID token that does not contain an access token","","Mon Jun 15 08:58:55 UTC 2026","passed","Mon Jun 15 08:58:55 UTC 2026","","org.eclipse.dataspacetck.dcp.verification.presentation.verifier.PresentationFlowSection4Test","org.eclipse.dataspacetck.dcp.verification.presentation.verifier.PresentationFlowSection4Test","verifier_04_03_01_presentationResponse_idTokenNoTokenClaim"
"","48","Policy is not accepted due to missing context ""Affiliates BPNL""","","Mon Jun 15 09:01:51 UTC 2026","passed","Mon Jun 15 09:01:51 UTC 2026","","org.eclipse.tractusx.edc.tests.policy.PolicyDefinitionEndToEndTest","org.eclipse.tractusx.edc.tests.policy.PolicyDefinitionEndToEndTest","shouldNotAcceptInvalidNamespacePolicyDefinitions"
"","7899","Contract policy is fulfilled ""MembershipCredential""","","Mon Jun 15 09:03:18 UTC 2026","passed","Mon Jun 15 09:03:25 UTC 2026","","org.eclipse.tractusx.edc.tests.transfer.DivConsumerPullTest","org.eclipse.tractusx.edc.tests.transfer.DivConsumerPullTest","transferData_whenContractPolicyFulfilled"
"","5030","transferData_failing_withProxyOriginalResponse()","","Mon Jun 15 09:02:19 UTC 2026","passed","Mon Jun 15 09:02:24 UTC 2026","","org.eclipse.tractusx.edc.tests.transfer.TransferPullEndToEndTest.Dsp08to08","org.eclipse.tractusx.edc.tests.transfer.TransferPullEndToEndTest$Dsp08to08","transferData_failing_withProxyOriginalResponse"
"","79","Policy is accepted ""Jurisdiction Location Reference""","","Mon Jun 15 09:01:49 UTC 2026","passed","Mon Jun 15 09:01:49 UTC 2026","","org.eclipse.tractusx.edc.tests.policy.PolicyDefinitionEndToEndTest","org.eclipse.tractusx.edc.tests.policy.PolicyDefinitionEndToEndTest","shouldAcceptValidPolicyDefinitions"
"","41","Policy is not accepted due to missing context ""Contract reference""","","Mon Jun 15 09:01:52 UTC 2026","passed","Mon Jun 15 09:01:52 UTC 2026","","org.eclipse.tractusx.edc.tests.policy.PolicyDefinitionEndToEndTest","org.eclipse.tractusx.edc.tests.policy.PolicyDefinitionEndToEndTest","shouldNotAcceptInvalidNamespacePolicyDefinitions"
"","272","4.3.3 Verify invalid access token - jti","","Mon Jun 15 08:58:55 UTC 2026","passed","Mon Jun 15 08:58:55 UTC 2026","","org.eclipse.dataspacetck.dcp.verification.presentation.verifier.PresentationFlowSection4Test","org.eclipse.dataspacetck.dcp.verification.presentation.verifier.PresentationFlowSection4Test","verifier_04_03_03_idTokenJtiUsedTwice"
"","4951","transferData_privateBackend()","","Mon Jun 15 09:03:31 UTC 2026","passed","Mon Jun 15 09:03:36 UTC 2026","","org.eclipse.tractusx.edc.tests.transfer.DivConsumerPullTest","org.eclipse.tractusx.edc.tests.transfer.DivConsumerPullTest","transferData_privateBackend"
"","466","Expect the Catalog request to fail if a credential is expired","","Mon Jun 15 09:04:13 UTC 2026","passed","Mon Jun 15 09:04:14 UTC 2026","","org.eclipse.tractusx.edc.tests.transfer.StsConsumerPullTest","org.eclipse.tractusx.edc.tests.transfer.StsConsumerPullTest","catalogRequest_whenCredentialExpired"
"","2519","The Authorization header is empty","","Mon Jun 15 08:58:56 UTC 2026","passed","Mon Jun 15 08:58:59 UTC 2026","","org.eclipse.tractusx.edc.dataplane.tokenrefresh.e2e.DataPlaneTokenRefreshEndToEndTest","org.eclipse.tractusx.edc.dataplane.tokenrefresh.e2e.DataPlaneTokenRefreshEndToEndTest","refresh_emptyAuthHeader"
"","78","Expect the Catalog request to fail if a credential has an invalid credential subject id","","Mon Jun 15 09:04:14 UTC 2026","passed","Mon Jun 15 09:04:14 UTC 2026","","org.eclipse.tractusx.edc.tests.transfer.StsConsumerPullTest","org.eclipse.tractusx.edc.tests.transfer.StsConsumerPullTest","catalogRequest_whenCredentialSubjectIdIsInvalid"
"","6337","The authentication token misses required claims: token","","Mon Jun 15 08:58:47 UTC 2026","passed","Mon Jun 15 08:58:54 UTC 2026","","org.eclipse.tractusx.edc.dataplane.tokenrefresh.e2e.DataPlaneTokenRefreshEndToEndTest","org.eclipse.tractusx.edc.dataplane.tokenrefresh.e2e.DataPlaneTokenRefreshEndToEndTest","refresh_invalidAuthenticationToken_missingAccessToken"
"","2453","Refresh token success","","Mon Jun 15 08:59:14 UTC 2026","passed","Mon Jun 15 08:59:16 UTC 2026","","org.eclipse.tractusx.edc.dataplane.tokenrefresh.e2e.DataPlaneTokenRefreshEndToEndTest","org.eclipse.tractusx.edc.dataplane.tokenrefresh.e2e.DataPlaneTokenRefreshEndToEndTest","refresh_success"
"","254","Expect the Catalog request to fail if a credential has an invalid credential subject id","","Mon Jun 15 09:03:17 UTC 2026","passed","Mon Jun 15 09:03:17 UTC 2026","","org.eclipse.tractusx.edc.tests.transfer.DivConsumerPullTest","org.eclipse.tractusx.edc.tests.transfer.DivConsumerPullTest","catalogRequest_whenCredentialSubjectIdIsInvalid"
"","39","Policy is not accepted due to missing context ""Jurisdiction Location Reference""","","Mon Jun 15 09:01:52 UTC 2026","passed","Mon Jun 15 09:01:52 UTC 2026","","org.eclipse.tractusx.edc.tests.policy.PolicyDefinitionEndToEndTest","org.eclipse.tractusx.edc.tests.policy.PolicyDefinitionEndToEndTest","shouldNotAcceptInvalidNamespacePolicyDefinitions"
"","2446","The refresh token does not match the stored one","","Mon Jun 15 08:59:06 UTC 2026","passed","Mon Jun 15 08:59:09 UTC 2026","","org.eclipse.tractusx.edc.dataplane.tokenrefresh.e2e.DataPlaneTokenRefreshEndToEndTest","org.eclipse.tractusx.edc.dataplane.tokenrefresh.e2e.DataPlaneTokenRefreshEndToEndTest","refresh_withWrongRefreshToken"
"","59","5.4.2.1 Verifier should reject a presentation response message that contains a different credential than requested","","Mon Jun 15 08:58:56 UTC 2026","passed","Mon Jun 15 08:58:56 UTC 2026","","org.eclipse.dataspacetck.dcp.verification.presentation.verifier.PresentationFlowSection5Test","org.eclipse.dataspacetck.dcp.verification.presentation.verifier.PresentationFlowSection5Test","verifier_05_04_02_01_presentationResponse_tooFewCredentials"
"","145","Policy is accepted ""DataExchangeGovernance use case""","","Mon Jun 15 09:01:48 UTC 2026","passed","Mon Jun 15 09:01:48 UTC 2026","","org.eclipse.tractusx.edc.tests.policy.PolicyDefinitionEndToEndTest","org.eclipse.tractusx.edc.tests.policy.PolicyDefinitionEndToEndTest","shouldAcceptValidPolicyDefinitions"
"","68","5.4.3.6 Verifier should reject a credential that is not yet valid","","Mon Jun 15 08:58:56 UTC 2026","passed","Mon Jun 15 08:58:56 UTC 2026","","org.eclipse.dataspacetck.dcp.verification.presentation.verifier.PresentationFlowSection5Test","org.eclipse.dataspacetck.dcp.verification.presentation.verifier.PresentationFlowSection5Test","verifier_05_04_03_06_presentationResponse_notYetValidCredential"
"","3745","Run TCK Presentation Flow tests","","Mon Jun 15 08:58:53 UTC 2026","passed","Mon Jun 15 08:58:56 UTC 2026","","org.eclipse.tractusx.edc.tests.tck.dcp.DcpPresentationFlowTest","org.eclipse.tractusx.edc.tests.tck.dcp.DcpPresentationFlowTest","runPresentationFlowTests"
"","7450","Contract policy is fulfilled ""MembershipCredential""","","Mon Jun 15 09:04:14 UTC 2026","passed","Mon Jun 15 09:04:22 UTC 2026","","org.eclipse.tractusx.edc.tests.transfer.StsConsumerPullTest","org.eclipse.tractusx.edc.tests.transfer.StsConsumerPullTest","transferData_whenContractPolicyFulfilled"
"","62","Policy is accepted ""Liability""","","Mon Jun 15 09:01:49 UTC 2026","passed","Mon Jun 15 09:01:49 UTC 2026","","org.eclipse.tractusx.edc.tests.policy.PolicyDefinitionEndToEndTest","org.eclipse.tractusx.edc.tests.policy.PolicyDefinitionEndToEndTest","shouldAcceptValidPolicyDefinitions"
"","63","Policy is not accepted due to missing context ""Affiliates Region (IS_ANY_OF, one element)""","","Mon Jun 15 09:01:51 UTC 2026","passed","Mon Jun 15 09:01:51 UTC 2026","","org.eclipse.tractusx.edc.tests.policy.PolicyDefinitionEndToEndTest","org.eclipse.tractusx.edc.tests.policy.PolicyDefinitionEndToEndTest","shouldNotAcceptInvalidNamespacePolicyDefinitions"
"","2922","transferFile_azureToS3MultipleFiles(Vault)","","Mon Jun 15 08:59:52 UTC 2026","passed","Mon Jun 15 08:59:55 UTC 2026","","org.eclipse.tractusx.edc.dataplane.transfer.test.MultiCloudTest","org.eclipse.tractusx.edc.dataplane.transfer.test.MultiCloudTest","transferFile_azureToS3MultipleFiles"
"","6466","transferData_withSuspendResume()","","Mon Jun 15 09:02:47 UTC 2026","passed","Mon Jun 15 09:02:54 UTC 2026","","org.eclipse.tractusx.edc.tests.transfer.TransferPullEndToEndTest.Dsp08to08","org.eclipse.tractusx.edc.tests.transfer.TransferPullEndToEndTest$Dsp08to08","transferData_withSuspendResume"
"","6105","transferData_success_withProxyOriginalResponse_withoutSourceResponseBody()","","Mon Jun 15 09:03:30 UTC 2026","passed","Mon Jun 15 09:03:36 UTC 2026","","org.eclipse.tractusx.edc.tests.transfer.TransferPullEndToEndTest.Dsp2025to2025","org.eclipse.tractusx.edc.tests.transfer.TransferPullEndToEndTest$Dsp2025to2025","transferData_success_withProxyOriginalResponse_withoutSourceResponseBody"
"","226","Multiple ContractDefinitions exist for one Asset","","Mon Jun 15 09:02:17 UTC 2026","passed","Mon Jun 15 09:02:17 UTC 2026","","org.eclipse.tractusx.edc.tests.catalog.CatalogTest","org.eclipse.tractusx.edc.tests.catalog.CatalogTest","requestCatalog_multipleOffersForAsset"
"","3732","transferData_failing_withProxyOriginalResponse_withoutSourceResponseBody()","","Mon Jun 15 09:02:40 UTC 2026","passed","Mon Jun 15 09:02:43 UTC 2026","","org.eclipse.tractusx.edc.tests.transfer.TransferPullEndToEndTest.Dsp08to08","org.eclipse.tractusx.edc.tests.transfer.TransferPullEndToEndTest$Dsp08to08","transferData_failing_withProxyOriginalResponse_withoutSourceResponseBody"
"","15424","transferData_withTerminate()","","Mon Jun 15 09:02:24 UTC 2026","passed","Mon Jun 15 09:02:40 UTC 2026","","org.eclipse.tractusx.edc.tests.transfer.TransferPullEndToEndTest.Dsp08to08","org.eclipse.tractusx.edc.tests.transfer.TransferPullEndToEndTest$Dsp08to08","transferData_withTerminate"
"","5901","Verify that the callbacks are invoked when negotiating an EDR","","Mon Jun 15 08:59:35 UTC 2026","passed","Mon Jun 15 08:59:41 UTC 2026","","org.eclipse.tractusx.edc.tests.edrv2.NegotiateEdrTest","org.eclipse.tractusx.edc.tests.edrv2.NegotiateEdrTest","negotiateEdr_shouldInvokeCallbacks"
"","74","Verify the refresh endpoint is not called when token not yet expired","","Mon Jun 15 08:59:08 UTC 2026","passed","Mon Jun 15 08:59:08 UTC 2026","","org.eclipse.tractusx.edc.tests.edrv2.EdrCacheApiEndToEndTest","org.eclipse.tractusx.edc.tests.edrv2.EdrCacheApiEndToEndTest","getEdrWithRefresh_notExpired_shouldNotCallEndpoint"
"","87","X.X Verifier should reject Presentations where at least 1 credential schema is violated","","Mon Jun 15 08:58:56 UTC 2026","passed","Mon Jun 15 08:58:56 UTC 2026","","org.eclipse.dataspacetck.dcp.verification.presentation.verifier.PresentationFlowSection5Test","org.eclipse.dataspacetck.dcp.verification.presentation.verifier.PresentationFlowSection5Test","verifier_x_x_presentationResponse_invalidCredentialSchema"
"","59","Policy is not accepted because definition is not correct ""Usage policy permission with not allowed constraints""","","Mon Jun 15 09:01:51 UTC 2026","passed","Mon Jun 15 09:01:51 UTC 2026","","org.eclipse.tractusx.edc.tests.policy.PolicyDefinitionEndToEndTest","org.eclipse.tractusx.edc.tests.policy.PolicyDefinitionEndToEndTest","shouldNotAcceptInvalidPolicyDefinitions"
"","12906","httpPushNonFiniteDataTransfer()","","Mon Jun 15 09:04:58 UTC 2026","passed","Mon Jun 15 09:05:11 UTC 2026","","org.eclipse.tractusx.edc.tests.transfer.TransferPushEndToEndTest.Dsp08to08","org.eclipse.tractusx.edc.tests.transfer.TransferPushEndToEndTest$Dsp08to08","httpPushNonFiniteDataTransfer"
"","7378","transferData_withSuspendResume()","","Mon Jun 15 09:04:12 UTC 2026","passed","Mon Jun 15 09:04:19 UTC 2026","","org.eclipse.tractusx.edc.tests.transfer.TransferPullEndToEndTest.Dsp2025to2025","org.eclipse.tractusx.edc.tests.transfer.TransferPullEndToEndTest$Dsp2025to2025","transferData_withSuspendResume"
"","2055","transferFile_s3ToAzure(Vault)","","Mon Jun 15 08:59:57 UTC 2026","passed","Mon Jun 15 08:59:59 UTC 2026","","org.eclipse.tractusx.edc.dataplane.transfer.test.MultiCloudTest","org.eclipse.tractusx.edc.dataplane.transfer.test.MultiCloudTest","transferFile_s3ToAzure"
"","68","Policy is not accepted due to missing context ""Confidential Information Sharing""","","Mon Jun 15 09:01:52 UTC 2026","passed","Mon Jun 15 09:01:52 UTC 2026","","org.eclipse.tractusx.edc.tests.policy.PolicyDefinitionEndToEndTest","org.eclipse.tractusx.edc.tests.policy.PolicyDefinitionEndToEndTest","shouldNotAcceptInvalidNamespacePolicyDefinitions"
"","66","Policy is accepted ""Confidential Information Measures""","","Mon Jun 15 09:01:50 UTC 2026","passed","Mon Jun 15 09:01:50 UTC 2026","","org.eclipse.tractusx.edc.tests.policy.PolicyDefinitionEndToEndTest","org.eclipse.tractusx.edc.tests.policy.PolicyDefinitionEndToEndTest","shouldAcceptValidPolicyDefinitions"
